{"assets/images/launcher_icon.png":["assets/images/launcher_icon.png"],"assets/images/logo.png":["assets/images/logo.png"],"assets/images/play_store_512.png":["assets/images/play_store_512.png"],"assets/images/woman.png":["assets/images/woman.png"],"packages/cupertino_icons/assets/CupertinoIcons.ttf":["packages/cupertino_icons/assets/CupertinoIcons.ttf"],"packages/fluttertoast/assets/toastify.css":["packages/fluttertoast/assets/toastify.css"],"packages/fluttertoast/assets/toastify.js":["packages/fluttertoast/assets/toastify.js"],"packages/majascan/assets/back.png":["packages/majascan/assets/back.png"],"packages/majascan/assets/flashlight.png":["packages/majascan/assets/flashlight.png"]}